,title,date_published,duration,avg_vote,votes,reviews_from_users,metascore,year,Action,Adventure,Animation,Biography,Comedy,Crime,Drama,Family,Fantasy,History,Horror,Music,Musical,Mystery,Romance,Sport,Thriller,War,Western
0,12 Hour Shift ,2 October 2020 ,86,5.3,1998.0,38,63.0,2020.0,0,0,0,0,1,0,0,0,0,0,0,0,0,0,0,0,0,0,0
1,2 Hearts ,16 October 2020 ,101,5.1,169.0,7,29.0,2020.0,0,0,0,0,0,0,1,0,0,0,0,0,0,0,0,0,0,0,0
2,2067 ,2 October 2020 ,114,4.8,4089.0,191,39.0,2020.0,0,0,0,0,0,0,0,0,0,0,0,0,0,0,0,0,0,0,0
3,A Babysitter's Guide to Monster Hunting ,15 October 2020 ,98,5.3,2703.0,50,31.0,2020.0,0,0,0,0,1,0,0,0,0,0,0,0,0,0,0,0,0,0,0
4,A Fall from Grace ,17 January 2020 ,120,5.9,11334.0,391,34.0,2020.0,0,0,0,0,0,0,1,0,0,0,0,0,0,0,0,0,0,0,0
5,A Nice Girl Like You ,17 July 2020 ,94,5.2,2229.0,31,41.0,2020.0,0,0,0,0,1,0,0,0,0,0,0,0,0,0,0,0,0,0,0
6,After We Collided ,23 October 2020 ,105,5.0,15485.0,413,14.0,2020.0,0,0,0,0,0,0,1,0,0,0,0,0,0,0,0,0,0,0,0
7,All Day and a Night ,1 May 2020 ,121,5.8,2915.0,57,60.0,2020.0,0,0,0,0,0,0,1,0,0,0,0,0,0,0,0,0,0,0,0
8,All My Life ,4 December 2020 ,91,6.3,737.0,28,39.0,2020.0,0,0,0,0,0,0,1,0,0,0,0,0,0,0,0,0,0,0,0
9,All Together Now ,28 August 2020 ,92,6.4,2866.0,41,64.0,2020.0,0,0,0,0,0,0,1,0,0,0,0,0,0,0,0,0,0,0,0
10,All the Bright Places ,28 February 2020 ,107,6.5,19853.0,238,61.0,2020.0,0,0,0,0,0,0,1,0,0,0,0,0,0,0,0,0,0,0,0
11,All the Dead OnesÂ ,10 December 2020 ,120,5.6,177.0,0,48.0,2020.0,0,0,0,0,0,0,1,0,0,0,0,0,0,0,0,0,0,0,0
12,Alone ,18 September 2020 ,98,6.1,6478.0,153,70.0,2020.0,0,0,0,0,0,0,1,0,0,0,1,0,0,0,0,0,0,0,0
13,Ammonite ,13 November 2020 ,120,6.5,4566.0,83,73.0,2020.0,0,0,0,1,0,0,0,0,0,0,0,0,0,0,0,0,0,0,0
14,Amulet ,24 July 2020 ,99,4.7,2461.0,79,64.0,2020.0,0,0,0,0,0,0,0,0,0,0,1,0,0,0,0,0,0,0,0
15,An American Pickle ,6 August 2020 ,88,5.7,14837.0,214,58.0,2020.0,0,0,0,0,1,0,0,0,0,0,0,0,0,0,0,0,0,0,0
16,And Tomorrow the Entire WorldÂ ,14 October 2020 ,111,6.0,332.0,0,77.0,2020.0,0,0,0,0,0,1,0,0,0,0,0,0,0,0,0,0,0,0,0
17,Another Round ,18 December 2020 ,117,7.8,22303.0,111,81.0,2020.0,0,0,0,0,1,0,0,0,0,0,0,0,0,0,0,0,0,0,0
18,Antebellum ,18 September 2020 ,105,5.6,14384.0,479,45.0,2020.0,0,0,0,0,0,0,1,0,0,0,0,0,0,0,0,0,0,0,0
19,Apples ,4 March 2021 ,91,6.3,494.0,3,83.0,2020.0,0,0,0,0,1,0,0,0,0,0,0,0,0,0,0,0,0,0,0
20,Archenemy ,11 December 2020 ,90,5.0,1036.0,35,57.0,2020.0,1,0,0,0,0,0,0,0,0,0,0,0,0,0,0,0,0,0,0
21,Archive ,10 July 2020 ,109,6.3,10783.0,268,67.0,2020.0,0,0,0,0,0,0,1,0,0,0,0,0,0,0,0,0,0,0,0
22,Arkansas ,5 May 2020 ,117,6.0,8696.0,165,55.0,2020.0,0,0,0,0,0,1,0,0,0,0,0,0,0,0,0,0,0,0,0
23,Artemis Fowl ,12 June 2020 ,95,4.2,22121.0,958,31.0,2020.0,0,1,0,0,0,0,0,0,0,0,0,0,0,0,0,0,0,0,0
24,Ava ,25 September 2020 ,96,5.4,34496.0,679,39.0,2020.0,1,0,0,0,0,0,0,0,0,0,0,0,0,0,0,0,0,0,0
25,Aviva ,12 June 2020 ,116,4.6,137.0,3,66.0,2020.0,0,0,0,0,0,0,1,0,0,0,0,0,0,0,0,0,0,0,0
26,Bad Boys for Life ,17 January 2020 ,124,6.6,126518.0,1156,59.0,2020.0,1,0,0,0,0,0,0,0,0,0,0,0,0,0,0,0,0,0,0
27,Bad Hair ,23 October 2020 ,102,5.5,2010.0,50,61.0,2020.0,0,0,0,0,1,0,0,0,0,0,0,0,0,0,0,0,0,0,0
28,Bad Therapy ,17 April 2020 ,97,4.3,560.0,17,41.0,2020.0,0,0,0,0,1,0,0,0,0,0,0,0,0,0,0,0,0,0,0
29,Beast BeastÂ ,25 January 2020 ,85,7.7,58.0,0,63.0,2020.0,0,0,0,0,0,0,1,0,0,0,0,0,0,0,0,0,0,0,0
30,Becky ,5 June 2020 ,93,5.8,9359.0,294,54.0,2020.0,1,0,0,0,0,0,0,0,0,0,0,0,0,0,0,0,0,0,0
31,Beginning ,5 October 2020 ,130,6.5,295.0,2,65.0,2020.0,0,0,0,0,0,0,1,0,0,0,0,0,0,0,0,0,0,0,0
32,Behind You ,17 April 2020 ,86,4.3,1269.0,46,38.0,2020.0,0,0,0,0,0,0,0,0,0,0,1,0,0,0,0,0,0,0,0
33,Bill & Ted Face the Music ,28 August 2020 ,91,6.1,26977.0,732,65.0,2020.0,0,1,0,0,0,0,0,0,0,0,0,0,0,0,0,0,0,0,0
34,Birds of Prey ,7 February 2020 ,109,6.1,161160.0,2385,60.0,2020.0,1,0,0,0,0,0,0,0,0,0,0,0,0,0,0,0,0,0,0
35,Black Bear ,4 December 2020 ,104,6.6,3790.0,74,79.0,2020.0,0,0,0,0,1,0,0,0,0,0,0,0,0,0,0,0,0,0,0
36,Black Beauty ,27 November 2020 ,110,6.3,1726.0,58,52.0,2020.0,0,0,0,0,0,0,1,0,0,0,0,0,0,0,0,0,0,0,0
37,Black Box ,6 October 2020 ,100,6.1,7916.0,132,62.0,2020.0,0,0,0,0,0,0,0,0,0,0,1,0,0,0,0,0,0,0,0
38,Black Is King ,31 July 2020 ,85,5.5,7816.0,622,84.0,2020.0,0,1,0,0,0,0,0,0,0,0,0,0,0,0,0,0,0,0,0
39,Black Water: Abyss ,7 August 2020 ,98,4.5,3492.0,101,46.0,2020.0,1,0,0,0,0,0,0,0,0,0,0,0,0,0,0,0,0,0,0
40,Blast BeatÂ ,26 January 2020 ,0,7.1,22.0,0,54.0,2020.0,0,0,0,0,0,0,1,0,0,0,0,0,0,0,0,0,0,0,0
41,Blood and Money ,16 October 2020 ,89,5.1,984.0,45,40.0,2020.0,0,0,0,0,0,0,0,0,0,0,0,0,0,0,0,0,1,0,0
42,Bloodshot ,13 March 2020 ,109,5.7,59481.0,774,44.0,2020.0,1,0,0,0,0,0,0,0,0,0,0,0,0,0,0,0,0,0,0
43,Body Cam ,18 May 2020 ,96,5.3,3024.0,80,37.0,2020.0,0,0,0,0,0,0,0,0,0,0,1,0,0,0,0,0,0,0,0
44,Books of Blood ,7 October 2020 ,107,5.6,4155.0,73,42.0,2020.0,0,0,0,0,0,0,1,0,0,0,0,0,0,0,0,0,0,0,0
45,Borat Subsequent Moviefilm ,23 October 2020 ,95,6.7,99988.0,1120,68.0,2020.0,0,0,0,0,1,0,0,0,0,0,0,0,0,0,0,0,0,0,0
46,Brahms: The Boy II ,21 February 2020 ,86,4.6,11465.0,245,29.0,2020.0,0,0,0,0,0,0,1,0,0,0,0,0,0,0,0,0,0,0,0
47,Capone ,12 May 2020 ,103,4.7,13957.0,398,46.0,2020.0,0,0,0,1,0,0,0,0,0,0,0,0,0,0,0,0,0,0,0
48,Centigrade ,27 August 2020 ,98,4.4,1496.0,87,46.0,2020.0,0,0,0,0,0,0,1,0,0,0,0,0,0,0,0,0,0,0,0
49,Charlatan ,20 August 2020 ,118,6.8,653.0,3,65.0,2020.0,0,0,0,0,0,0,1,0,0,0,0,0,0,0,0,0,0,0,0
50,Charm City Kings ,8 October 2020 ,125,6.4,1300.0,27,62.0,2020.0,0,0,0,0,0,0,1,0,0,0,0,0,0,0,0,0,0,0,0
51,Chemical Hearts ,21 August 2020 ,93,6.2,7369.0,114,57.0,2020.0,0,0,0,0,0,0,1,0,0,0,0,0,0,0,0,0,0,0,0
52,Chick Fight ,13 November 2020 ,97,4.2,1445.0,52,39.0,2020.0,1,0,0,0,0,0,0,0,0,0,0,0,0,0,0,0,0,0,0
53,Christmas on the Square ,22 November 2020 ,98,5.2,2077.0,67,51.0,2020.0,0,0,0,0,1,0,0,0,0,0,0,0,0,0,0,0,0,0,0
54,Clouds ,16 October 2020 ,121,7.5,4797.0,80,55.0,2020.0,0,0,0,0,0,0,1,0,0,0,0,0,0,0,0,0,0,0,0
55,CloverÂ ,3 April 2020 ,101,4.1,243.0,0,43.0,2020.0,0,0,0,0,1,0,0,0,0,0,0,0,0,0,0,0,0,0,0
56,Coffee & Kareem ,3 April 2020 ,88,5.1,11474.0,394,35.0,2020.0,1,0,0,0,0,0,0,0,0,0,0,0,0,0,0,0,0,0,0
57,Come Away ,13 November 2020 ,94,5.9,2050.0,36,40.0,2020.0,0,1,0,0,0,0,0,0,0,0,0,0,0,0,0,0,0,0,0
58,Come Play ,30 October 2020 ,96,5.7,5711.0,140,58.0,2020.0,0,0,0,0,0,0,1,0,0,0,0,0,0,0,0,0,0,0,0
59,Concrete Cowboy ,16 October 2020 ,111,4.6,162.0,18,66.0,2020.0,0,0,0,0,0,0,1,0,0,0,0,0,0,0,0,0,0,0,0
60,Critical Thinking ,4 September 2020 ,117,6.4,652.0,15,65.0,2020.0,0,0,0,0,0,0,1,0,0,0,0,0,0,0,0,0,0,0,0
61,Cut Throat City ,21 August 2020 ,123,4.6,928.0,29,67.0,2020.0,1,0,0,0,0,0,0,0,0,0,0,0,0,0,0,0,0,0,0
62,Cuties ,9 September 2020 ,96,3.1,26372.0,261,67.0,2020.0,0,0,0,0,0,0,1,0,0,0,0,0,0,0,0,0,0,0,0
63,Da 5 Bloods ,12 June 2020 ,154,6.5,36394.0,752,82.0,2020.0,0,1,0,0,0,0,0,0,0,0,0,0,0,0,0,0,0,0,0
64,Dangerous Lies ,30 April 2020 ,96,5.2,13556.0,260,51.0,2020.0,0,0,0,0,0,0,1,0,0,0,0,0,0,0,0,0,0,0,0
65,Dating Amber ,10 November 2020 ,92,7.0,2921.0,38,58.0,2020.0,0,0,0,0,1,0,0,0,0,0,0,0,0,0,0,0,0,0,0
66,Days ,25 September 2020 ,127,6.3,701.0,5,78.0,2020.0,0,0,0,0,0,0,1,0,0,0,0,0,0,0,0,0,0,0,0
67,Dear Comrades ,12 November 2020 ,121,6.5,346.0,4,77.0,2020.0,0,0,0,0,0,0,1,0,0,0,0,0,0,0,0,0,0,0,0
68,Death of Me ,2 October 2020 ,94,4.2,2363.0,72,31.0,2020.0,0,0,0,0,0,0,0,0,0,0,1,0,0,0,0,0,0,0,0
69,Desperados ,3 July 2020 ,105,5.1,8409.0,131,41.0,2020.0,0,0,0,0,1,0,0,0,0,0,0,0,0,0,0,0,0,0,0
70,Disturbing the Peace ,17 January 2020 ,91,3.2,1510.0,153,34.0,2020.0,1,0,0,0,0,0,0,0,0,0,0,0,0,0,0,0,0,0,0
71,Dolittle ,17 January 2020 ,101,5.6,46656.0,746,26.0,2020.0,0,1,0,0,0,0,0,0,0,0,0,0,0,0,0,0,0,0,0
72,Downhill ,14 February 2020 ,86,4.8,8631.0,306,49.0,2020.0,0,0,0,0,1,0,0,0,0,0,0,0,0,0,0,0,0,0,0
73,Dream Horse ,24 January 2020 ,113,5.7,151.0,3,68.0,2020.0,0,0,0,1,0,0,0,0,0,0,0,0,0,0,0,0,0,0,0
74,Echo Boomers ,13 November 2020 ,94,6.1,2161.0,31,37.0,2020.0,1,0,0,0,0,0,0,0,0,0,0,0,0,0,0,0,0,0,0
75,Embattled ,20 November 2020 ,117,6.5,713.0,28,56.0,2020.0,1,0,0,0,0,0,0,0,0,0,0,0,0,0,0,0,0,0,0
76,Emma. ,6 March 2020 ,124,6.7,27982.0,410,71.0,2020.0,0,0,0,0,1,0,0,0,0,0,0,0,0,0,0,0,0,0,0
77,Emperor ,18 August 2020 ,99,5.5,622.0,37,39.0,2020.0,1,0,0,0,0,0,0,0,0,0,0,0,0,0,0,0,0,0,0
78,Endless ,14 August 2020 ,95,4.6,621.0,17,27.0,2020.0,0,0,0,0,0,0,1,0,0,0,0,0,0,0,0,0,0,0,0
79,Enola Holmes ,23 September 2020 ,123,6.6,118144.0,1428,68.0,2020.0,1,0,0,0,0,0,0,0,0,0,0,0,0,0,0,0,0,0,0
80,Escape from Pretoria ,6 March 2020 ,106,6.8,19560.0,176,56.0,2020.0,0,0,0,0,0,0,0,0,0,0,0,0,0,0,0,0,1,0,0
81,Eurovision Song Contest: The Story of Fire Saga ,26 June 2020 ,123,6.5,71100.0,1255,50.0,2020.0,0,0,0,0,1,0,0,0,0,0,0,0,0,0,0,0,0,0,0
82,Evil Eye ,13 October 2020 ,90,4.7,2490.0,75,54.0,2020.0,0,0,0,0,0,0,0,0,0,0,1,0,0,0,0,0,0,0,0
83,Extraction ,24 April 2020 ,116,6.7,155041.0,2982,56.0,2020.0,1,0,0,0,0,0,0,0,0,0,0,0,0,0,0,0,0,0,0
84,Faith Based ,9 October 2020 ,92,6.1,671.0,14,42.0,2020.0,0,0,0,0,1,0,0,0,0,0,0,0,0,0,0,0,0,0,0
85,Falling ,5 February 2021 ,112,6.1,1327.0,19,64.0,2020.0,0,0,0,0,0,0,1,0,0,0,0,0,0,0,0,0,0,0,0
86,Fantasy Island ,14 February 2020 ,109,4.9,35300.0,789,22.0,2020.0,1,0,0,0,0,0,0,0,0,0,0,0,0,0,0,0,0,0,0
87,Farewell Amor ,11 December 2020 ,95,6.8,485.0,6,75.0,2020.0,0,0,0,0,0,0,1,0,0,0,0,0,0,0,0,0,0,0,0
88,Fatal Affair ,16 July 2020 ,89,4.5,4497.0,186,34.0,2020.0,0,0,0,0,0,0,0,0,0,0,0,0,0,0,0,0,1,0,0
89,Fatale ,18 December 2020 ,102,4.8,326.0,18,42.0,2020.0,0,0,0,0,0,0,0,0,0,0,0,0,0,0,0,0,1,0,0
90,Fatima ,28 August 2020 ,113,6.4,1419.0,63,51.0,2020.0,0,0,0,0,0,0,1,0,0,0,0,0,0,0,0,0,0,0,0
91,Fatman ,24 November 2020 ,100,5.9,13946.0,353,40.0,2020.0,1,0,0,0,0,0,0,0,0,0,0,0,0,0,0,0,0,0,0
92,Force of Nature ,30 June 2020 ,91,4.5,5916.0,138,29.0,2020.0,1,0,0,0,0,0,0,0,0,0,0,0,0,0,0,0,0,0,0
93,Four Kids and It ,3 April 2020 ,110,5.0,883.0,39,42.0,2020.0,0,0,0,0,0,0,0,1,0,0,0,0,0,0,0,0,0,0,0
94,Freaky ,13 November 2020 ,102,6.4,17648.0,234,66.0,2020.0,0,0,0,0,1,0,0,0,0,0,0,0,0,0,0,0,0,0,0
95,French Exit ,26 February 2021 ,110,6.2,145.0,4,54.0,2020.0,0,0,0,0,1,0,0,0,0,0,0,0,0,0,0,0,0,0,0
96,Funny Boy ,10 December 2020 ,109,5.8,609.0,14,62.0,2020.0,0,0,0,0,0,0,1,0,0,0,0,0,0,0,0,0,0,0,0
97,Funny FaceÂ ,23 October 2020 ,95,6.7,151.0,0,61.0,2020.0,0,0,0,0,0,1,0,0,0,0,0,0,0,0,0,0,0,0,0
98,Ghosts of War ,17 July 2020 ,94,5.5,5788.0,238,38.0,2020.0,0,0,0,0,0,0,0,0,0,0,1,0,0,0,0,0,0,0,0
99,Godmothered ,4 December 2020 ,110,6.1,7440.0,119,49.0,2020.0,0,0,0,0,1,0,0,0,0,0,0,0,0,0,0,0,0,0,0
100,Greenland ,18 December 2020 ,119,6.4,40703.0,733,60.0,2020.0,1,0,0,0,0,0,0,0,0,0,0,0,0,0,0,0,0,0,0
101,Gretel & Hansel ,31 January 2020 ,87,5.4,22389.0,469,64.0,2020.0,0,0,0,0,0,0,0,0,1,0,0,0,0,0,0,0,0,0,0
102,Greyhound ,10 July 2020 ,91,7.0,64588.0,752,64.0,2020.0,1,0,0,0,0,0,0,0,0,0,0,0,0,0,0,0,0,0,0
103,Half Brothers ,4 December 2020 ,96,5.7,475.0,34,30.0,2020.0,0,0,0,0,1,0,0,0,0,0,0,0,0,0,0,0,0,0,0
104,Hamilton ,3 July 2020 ,160,8.6,52516.0,565,90.0,2020.0,0,0,0,1,0,0,0,0,0,0,0,0,0,0,0,0,0,0,0
105,Happiest Season ,25 November 2020 ,102,6.7,23658.0,302,69.0,2020.0,0,0,0,0,1,0,0,0,0,0,0,0,0,0,0,0,0,0,0
106,Herself ,8 January 2021 ,97,6.7,282.0,6,71.0,2020.0,0,0,0,0,0,0,1,0,0,0,0,0,0,0,0,0,0,0,0
107,Hillbilly Elegy ,24 November 2020 ,116,6.7,19878.0,563,38.0,2020.0,0,0,0,0,0,0,1,0,0,0,0,0,0,0,0,0,0,0,0
108,His House ,30 October 2020 ,93,6.5,20529.0,259,72.0,2020.0,0,0,0,0,0,0,1,0,0,0,0,0,0,0,0,0,0,0,0
109,Holidate ,28 October 2020 ,104,6.1,41623.0,381,44.0,2020.0,0,0,0,0,1,0,0,0,0,0,0,0,0,0,0,0,0,0,0
110,Honest Thief ,16 October 2020 ,99,6.0,18423.0,287,46.0,2020.0,1,0,0,0,0,0,0,0,0,0,0,0,0,0,0,0,0,0,0
111,Hooking Up ,20 March 2020 ,104,5.4,1284.0,16,44.0,2020.0,0,0,0,0,1,0,0,0,0,0,0,0,0,0,0,0,0,0,0
112,Horse Girl ,7 February 2020 ,103,5.9,14169.0,212,61.0,2020.0,0,0,0,0,0,0,1,0,0,0,0,0,0,0,0,0,0,0,0
113,Host ,30 July 2020 ,57,6.6,13088.0,264,73.0,2020.0,0,0,0,0,0,0,0,0,0,0,1,0,0,0,0,0,0,0,0
114,Hubie Halloween ,7 October 2020 ,102,5.2,37872.0,840,53.0,2020.0,0,0,0,0,1,0,0,0,0,0,0,0,0,0,0,0,0,0,0
115,Hunter Hunter ,18 December 2020 ,93,6.4,1844.0,81,58.0,2020.0,0,0,0,0,0,0,0,0,0,0,1,0,0,0,0,0,0,0,0
116,I Care a Lot ,19 February 2021 ,118,7.5,93.0,17,67.0,2020.0,0,0,0,0,1,0,0,0,0,0,0,0,0,0,0,0,0,0,0
117,I Carry You with Me ,2021 ,111,5.6,190.0,3,68.0,2020.0,0,0,0,0,0,0,1,0,0,0,0,0,0,0,0,0,0,0,0
118,I Still Believe ,13 March 2020 ,116,6.5,7600.0,169,41.0,2020.0,0,0,0,1,0,0,0,0,0,0,0,0,0,0,0,0,0,0,0
119,I Used to Go Here ,7 August 2020 ,80,5.6,1682.0,20,68.0,2020.0,0,0,0,0,1,0,0,0,0,0,0,0,0,0,0,0,0,0,0
120,I Will Make You MineÂ ,2020 ,80,5.7,169.0,0,70.0,2020.0,0,0,0,0,0,0,1,0,0,0,0,0,0,0,0,0,0,0,0
121,I'm Thinking of Ending Things ,4 September 2020 ,134,6.6,56266.0,983,78.0,2020.0,0,0,0,0,0,0,1,0,0,0,0,0,0,0,0,0,0,0,0
122,I'm Your Woman ,11 December 2020 ,120,6.2,3850.0,141,64.0,2020.0,0,0,0,0,0,1,0,0,0,0,0,0,0,0,0,0,0,0,0
123,Impractical Jokers: The Movie ,28 February 2020 ,92,5.9,4753.0,160,39.0,2020.0,0,0,0,0,1,0,0,0,0,0,0,0,0,0,0,0,0,0,0
124,In Between DyingÂ ,10 September 2020 ,88,5.5,151.0,0,63.0,2020.0,0,0,0,0,0,0,1,0,0,0,0,0,0,0,0,0,0,0,0
125,Infamous ,12 June 2020 ,100,4.0,1780.0,62,40.0,2020.0,0,0,0,0,0,1,0,0,0,0,0,0,0,0,0,0,0,0,0
126,Inheritance ,22 May 2020 ,111,5.5,8291.0,214,31.0,2020.0,0,0,0,0,0,0,1,0,0,0,0,0,0,0,0,0,0,0,0
127,Irresistible ,26 June 2020 ,101,6.2,9200.0,156,47.0,2020.0,0,0,0,0,1,0,0,0,0,0,0,0,0,0,0,0,0,0,0
128,Jay Sebring....Cutting to the TruthÂ ,22 September 2020 ,91,8.5,30.0,0,76.0,2020.0,0,0,0,1,0,0,0,0,0,0,0,0,0,0,0,0,0,0,0
129,Jingle Jangle: A Christmas Journey ,13 November 2020 ,122,6.5,14585.0,435,69.0,2020.0,0,0,0,0,0,0,0,1,0,0,0,0,0,0,0,0,0,0,0
130,Jiu Jitsu ,20 November 2020 ,102,2.9,3422.0,28,28.0,2020.0,1,0,0,0,0,0,0,0,0,0,0,0,0,0,0,0,0,0,0
131,Joe Bell ,19 February 2021 ,90,5.1,122.0,1,61.0,2020.0,0,0,0,1,0,0,0,0,0,0,0,0,0,0,0,0,0,0,0
132,John Henry ,24 January 2020 ,91,3.5,1948.0,175,27.0,2020.0,0,0,0,0,0,0,1,0,0,0,0,0,0,0,0,0,0,0,0
133,Jumbo ,1 July 2020 ,93,6.1,559.0,3,54.0,2020.0,0,0,0,0,0,0,1,0,0,0,0,0,0,0,0,0,0,0,0
134,Kajillionaire ,25 September 2020 ,104,6.4,6611.0,121,78.0,2020.0,0,0,0,0,0,1,0,0,0,0,0,0,0,0,0,0,0,0,0
135,Kill It and Leave This TownÂ ,2 December 2020 ,88,6.7,257.0,0,69.0,2020.0,0,0,1,0,0,0,0,0,0,0,0,0,0,0,0,0,0,0,0
136,Kindred ,6 November 2020 ,101,4.7,454.0,15,54.0,2020.0,0,0,0,0,0,0,1,0,0,0,0,0,0,0,0,0,0,0,0
137,LX 2048 ,25 September 2020 ,103,4.8,782.0,29,61.0,2020.0,0,0,0,0,0,0,1,0,0,0,0,0,0,0,0,0,0,0,0
138,La leyenda negraÂ ,4 December 2020 ,84,7.1,29.0,0,61.0,2020.0,0,0,0,0,0,0,1,0,0,0,0,0,0,0,0,0,0,0,0
139,Laila in HaifaÂ ,8 September 2020 ,99,5.1,64.0,0,25.0,2020.0,0,0,0,0,1,0,1,0,0,0,0,0,0,0,0,0,0,0,0
140,Last and First Men ,21 September 2020 ,70,6.6,1508.0,54,83.0,2020.0,0,0,0,0,0,0,0,0,1,0,0,0,0,0,0,0,0,0,0
141,Lazy Susan ,3 April 2020 ,90,5.2,461.0,19,37.0,2020.0,0,0,0,0,1,0,0,0,0,0,0,0,0,0,0,0,0,0,0
142,Let Him Go ,6 November 2020 ,113,6.7,8306.0,148,63.0,2020.0,0,0,0,0,0,1,0,0,0,0,0,0,0,0,0,0,0,0,0
143,Let Them All Talk ,10 December 2020 ,113,6.1,4661.0,105,73.0,2020.0,0,0,0,0,1,0,0,0,0,0,0,0,0,0,0,0,0,0,0
144,Like a Boss ,10 January 2020 ,83,4.5,9507.0,176,33.0,2020.0,0,0,0,0,1,0,0,0,0,0,0,0,0,0,0,0,0,0,0
145,Limbo ,9 July 2020 ,103,7.7,138.0,1,77.0,2020.0,0,0,0,0,0,0,1,0,0,0,0,0,0,0,0,0,0,0,0
146,Lost Bullet ,19 June 2020 ,92,6.2,6904.0,89,78.0,2020.0,1,0,0,0,0,0,0,0,0,0,0,0,0,0,0,0,0,0,0
147,Lost Girls and Love Hotels ,18 September 2020 ,97,4.5,2332.0,51,57.0,2020.0,0,0,0,0,0,0,1,0,0,0,0,0,0,0,0,0,0,0,0
148,Lost Girls ,13 March 2020 ,95,6.1,16202.0,134,67.0,2020.0,0,0,0,0,0,0,1,0,0,0,0,0,0,0,0,0,0,0,0
149,Love Wedding Repeat ,10 April 2020 ,100,5.5,17136.0,288,41.0,2020.0,0,0,0,0,1,0,0,0,0,0,0,0,0,0,0,0,0,0,0
150,Love and Monsters ,16 October 2020 ,109,7.0,26669.0,385,59.0,2020.0,1,0,0,0,0,0,0,0,0,0,0,0,0,0,0,0,0,0,0
151,"Love, Guaranteed ",3 September 2020 ,90,5.5,12854.0,172,39.0,2020.0,0,0,0,0,1,0,0,0,0,0,0,0,0,0,0,0,0,0,0
152,"Love, Weddings & Other Disasters ",4 December 2020 ,90,4.3,230.0,11,11.0,2020.0,0,0,0,0,1,0,0,0,0,0,0,0,0,0,0,0,0,0,0
153,Luxor ,4 December 2020 ,85,5.2,301.0,9,69.0,2020.0,0,0,0,0,0,0,1,0,0,0,0,0,0,0,0,0,0,0,0
154,Ma Rainey's Black Bottom ,18 December 2020 ,94,7.2,14982.0,219,87.0,2020.0,0,0,0,0,0,0,1,0,0,0,0,0,0,0,0,0,0,0,0
155,Made in Italy ,7 August 2020 ,94,5.7,3137.0,66,45.0,2020.0,0,0,0,0,1,0,0,0,0,0,0,0,0,0,0,0,0,0,0
156,Mainstream ,10 October 2020 ,94,5.3,131.0,2,37.0,2020.0,0,0,0,0,1,0,0,0,0,0,0,0,0,0,0,0,0,0,0
157,Mandibles ,22 October 2020 ,77,6.1,318.0,1,75.0,2020.0,0,0,0,0,1,0,0,0,0,0,0,0,0,0,0,0,0,0,0
158,Mank ,4 December 2020 ,131,7.1,30267.0,356,79.0,2020.0,0,0,0,1,0,0,0,0,0,0,0,0,0,0,0,0,0,0,0
159,Manor House ,8 July 2020 ,201,5.8,533.0,19,51.0,2020.0,0,0,0,0,0,0,1,0,0,0,0,0,0,0,0,0,0,0,0
160,Minamata ,5 February 2021 ,115,7.5,778.0,11,51.0,2020.0,0,0,0,0,0,0,1,0,0,0,0,0,0,0,0,0,0,0,0
161,Minari ,12 February 2021 ,115,7.7,1882.0,22,87.0,2020.0,0,0,0,0,0,0,1,0,0,0,0,0,0,0,0,0,0,0,0
162,Minor Premise ,4 December 2020 ,95,4.8,266.0,10,66.0,2020.0,0,0,0,0,0,0,1,0,0,0,0,0,0,0,0,0,0,0,0
163,Minyan ,28 August 2020 ,118,6.7,201.0,4,70.0,2020.0,0,0,0,0,0,0,1,0,0,0,0,0,0,0,0,0,0,0,0
164,Misbehaviour ,25 September 2020 ,106,6.2,4582.0,55,62.0,2020.0,0,0,0,0,1,0,0,0,0,0,0,0,0,0,0,0,0,0,0
165,Miss Juneteenth ,19 June 2020 ,99,6.4,859.0,15,73.0,2020.0,0,0,0,0,0,0,1,0,0,0,0,0,0,0,0,0,0,0,0
166,Mogul Mowgli ,30 October 2020 ,90,6.7,683.0,10,64.0,2020.0,0,0,0,0,0,0,1,0,0,0,0,0,0,0,0,0,0,0,0
167,Monday ,11 September 2020 ,116,7.8,21.0,6,64.0,2020.0,0,0,0,0,0,0,1,0,0,0,0,0,0,0,0,0,0,0,0
168,Monster Hunter ,18 December 2020 ,99,5.2,3219.0,132,45.0,2020.0,1,0,0,0,0,0,0,0,0,0,0,0,0,0,0,0,0,0,0
169,Mortal ,6 November 2020 ,104,5.8,4110.0,182,20.0,2020.0,1,0,0,0,0,0,0,0,0,0,0,0,0,0,0,0,0,0,0
170,Most Wanted ,24 July 2020 ,125,6.1,2550.0,43,62.0,2020.0,0,0,0,0,0,1,0,0,0,0,0,0,0,0,0,0,0,0,0
171,Mulan ,4 September 2020 ,115,5.6,99760.0,2690,66.0,2020.0,1,0,0,0,0,0,0,0,0,0,0,0,0,0,0,0,0,0,0
172,My Little SisterÂ ,29 October 2020 ,99,5.8,413.0,0,75.0,2020.0,0,0,0,0,0,0,1,0,0,0,0,0,0,0,0,0,0,0,0
173,My Salinger Year ,5 March 2021 ,101,5.9,350.0,5,44.0,2020.0,0,0,0,0,0,0,1,0,0,0,0,0,0,0,0,0,0,0,0
174,My Spy ,26 June 2020 ,99,6.3,21465.0,329,46.0,2020.0,1,0,0,0,0,0,0,0,0,0,0,0,0,0,0,0,0,0,0
175,"Nadia, ButterflyÂ ",18 September 2020 ,107,7.2,119.0,0,69.0,2020.0,0,0,0,0,0,0,1,0,0,0,0,0,0,0,0,0,0,0,0
176,Never Rarely Sometimes Always ,3 April 2020 ,101,7.4,11604.0,107,91.0,2020.0,0,0,0,0,0,0,1,0,0,0,0,0,0,0,0,0,0,0,0
177,Never Too Late ,10 July 2020 ,95,5.4,253.0,18,43.0,2020.0,0,0,0,0,1,0,0,0,0,0,0,0,0,0,0,0,0,0,0
178,New Order ,22 October 2020 ,88,6.1,1141.0,12,73.0,2020.0,0,0,0,0,0,0,1,0,0,0,0,0,0,0,0,0,0,0,0
179,News of the World ,25 December 2020 ,118,7.2,951.0,36,73.0,2020.0,1,0,0,0,0,0,0,0,0,0,0,0,0,0,0,0,0,0,0
180,Night of the Kings ,24 September 2020 ,93,6.1,284.0,2,83.0,2020.0,0,0,0,0,0,0,1,0,0,0,0,0,0,0,0,0,0,0,0
181,Nine Days ,27 January 2020 ,124,7.2,320.0,7,78.0,2020.0,0,0,0,0,0,0,1,0,0,0,0,0,0,0,0,0,0,0,0
182,Nobody Knows I'm Here ,24 June 2020 ,91,6.4,3179.0,37,64.0,2020.0,0,0,0,0,0,0,1,0,0,0,0,0,0,0,0,0,0,0,0
183,Nocturne ,13 October 2020 ,90,5.7,4880.0,84,58.0,2020.0,0,0,0,0,0,0,0,0,0,0,1,0,0,0,0,0,0,0,0
184,Nomadland ,19 February 2021 ,108,7.8,4214.0,74,96.0,2020.0,0,0,0,0,0,0,1,0,0,0,0,0,0,0,0,0,0,0,0
185,On the Rocks ,23 October 2020 ,96,6.5,18623.0,232,73.0,2020.0,0,0,0,0,1,0,0,0,0,0,0,0,0,0,0,0,0,0,0
186,One Night in Miami ,15 January 2021 ,114,6.0,874.0,12,81.0,2020.0,0,0,0,0,0,0,1,0,0,0,0,0,0,0,0,0,0,0,0
187,Onward ,6 March 2020 ,102,7.4,96184.0,690,61.0,2020.0,0,0,1,0,0,0,0,0,0,0,0,0,0,0,0,0,0,0,0
188,Operation Christmas Drop ,5 November 2020 ,95,5.8,8807.0,101,47.0,2020.0,0,0,0,0,1,0,0,0,0,0,0,0,0,0,0,0,0,0,0
189,Over the Moon ,23 October 2020 ,95,6.5,10501.0,180,60.0,2020.0,0,0,1,0,0,0,0,0,0,0,0,0,0,0,0,0,0,0,0
190,PadrenostroÂ ,24 September 2020 ,120,5.6,325.0,0,51.0,2020.0,0,0,0,0,0,0,1,0,0,0,0,0,0,0,0,0,0,0,0
191,Palm Springs ,10 July 2020 ,90,7.4,67872.0,390,83.0,2020.0,0,0,0,0,1,0,0,0,0,0,0,0,0,0,0,0,0,0,0
192,Penguin Bloom ,27 January 2021 ,95,5.7,115.0,3,50.0,2020.0,0,0,0,0,0,0,1,0,0,0,0,0,0,0,0,0,0,0,0
193,Phineas and Ferb the Movie: Candace Against the Universe ,28 August 2020 ,86,7.2,2700.0,54,77.0,2020.0,0,0,1,0,0,0,0,0,0,0,0,0,0,0,0,0,0,0,0
194,Pieces of a Woman ,7 January 2021 ,126,6.9,2565.0,43,70.0,2020.0,0,0,0,0,0,0,1,0,0,0,0,0,0,0,0,0,0,0,0
195,Possessor ,2 October 2020 ,103,6.5,13393.0,200,72.0,2020.0,0,0,0,0,0,0,0,0,0,0,1,0,0,0,0,0,0,0,0
196,Project Power ,14 August 2020 ,113,6.0,66791.0,757,51.0,2020.0,1,0,0,0,0,0,0,0,0,0,0,0,0,0,0,0,0,0,0
197,Promising Young Woman ,25 December 2020 ,113,7.4,5960.0,127,71.0,2020.0,0,0,0,0,0,1,0,0,0,0,0,0,0,0,0,0,0,0,0
198,Proximity ,15 May 2020 ,119,5.5,2884.0,179,38.0,2020.0,0,0,0,0,0,0,1,0,0,0,0,0,0,0,0,0,0,0,0
199,Reality Queen! ,10 January 2020 ,84,3.2,230.0,13,7.0,2020.0,0,0,0,0,1,0,0,0,0,0,0,0,0,0,0,0,0,0,0
200,Rebecca ,21 October 2020 ,121,6.0,27690.0,430,46.0,2020.0,0,0,0,0,0,0,1,0,0,0,0,0,0,0,0,0,0,0,0
201,Relic ,10 July 2020 ,89,5.9,14926.0,327,77.0,2020.0,0,0,0,0,0,0,1,0,0,0,0,0,0,0,0,0,0,0,0
202,Rent-A-Pal ,11 September 2020 ,108,6.2,1335.0,57,61.0,2020.0,0,0,0,0,0,0,0,0,0,0,1,0,0,0,0,0,0,0,0
203,Residue ,24 January 2020 ,90,6.1,317.0,13,82.0,2020.0,0,0,0,0,0,0,1,0,0,0,0,0,0,0,0,0,0,0,0
204,Resistance ,27 March 2020 ,120,6.3,3939.0,62,53.0,2020.0,0,0,0,1,0,0,0,0,0,0,0,0,0,0,0,0,0,0,0
205,Rifkin's Festival ,2 October 2020 ,92,6.2,656.0,8,48.0,2020.0,0,0,0,0,1,0,0,0,0,0,0,0,0,0,0,0,0,0,0
206,Rising High ,17 April 2020 ,94,5.7,3791.0,34,40.0,2020.0,0,0,0,0,1,0,0,0,0,0,0,0,0,0,0,0,0,0,0
207,Run Hide Fight ,14 January 2021 ,109,7.4,150.0,4,13.0,2020.0,1,0,0,0,0,0,0,0,0,0,0,0,0,0,0,0,0,0,0
208,Run ,20 November 2020 ,90,6.7,20565.0,280,67.0,2020.0,0,0,0,0,0,0,0,0,0,0,0,0,0,1,0,0,1,0,0
209,Safety ,11 December 2020 ,122,6.8,1901.0,57,55.0,2020.0,0,0,0,1,0,0,0,0,0,0,0,0,0,0,0,0,0,0,0
210,Save Yourselves! ,2 October 2020 ,93,5.6,2539.0,82,66.0,2020.0,0,0,0,0,1,0,0,0,0,0,0,0,0,0,0,0,0,0,0
211,Scare Me ,1 October 2020 ,104,5.8,1947.0,63,66.0,2020.0,0,0,0,0,1,0,0,0,0,0,0,0,0,0,0,0,0,0,0
212,Scoob! ,15 May 2020 ,93,5.7,18447.0,604,43.0,2020.0,0,0,1,0,0,0,0,0,0,0,0,0,0,0,0,0,0,0,0
213,Secret Society of Second Born Royals ,25 September 2020 ,99,4.8,3047.0,82,34.0,2020.0,1,0,0,0,0,0,0,0,0,0,0,0,0,0,0,0,0,0,0
214,Sergio ,17 April 2020 ,118,6.1,7954.0,85,55.0,2020.0,0,0,0,1,0,0,0,0,0,0,0,0,0,0,0,0,0,0,0
215,Shadow in the Cloud ,1 January 2021 ,83,4.6,5533.0,280,66.0,2020.0,1,0,0,0,0,0,0,0,0,0,0,0,0,0,0,0,0,0,0
216,She Dies Tomorrow ,7 August 2020 ,86,5.2,3580.0,83,80.0,2020.0,0,0,0,0,1,0,0,0,0,0,0,0,0,0,0,0,0,0,0
217,Shine Your EyesÂ ,29 July 2020 ,102,6.4,197.0,0,79.0,2020.0,0,0,0,0,0,0,1,0,0,0,0,0,0,0,0,0,0,0,0
218,Shirley ,5 June 2020 ,107,6.2,6931.0,94,76.0,2020.0,0,0,0,1,0,0,0,0,0,0,0,0,0,0,0,0,0,0,0
219,Shithouse ,16 October 2020 ,100,6.9,1368.0,18,74.0,2020.0,0,0,0,0,1,0,0,0,0,0,0,0,0,0,0,0,0,0,0
220,Shiva Baby ,25 August 2020 ,77,7.4,407.0,8,79.0,2020.0,0,0,0,0,1,0,0,0,0,0,0,0,0,0,0,0,0,0,0
221,Shortcut ,25 September 2020 ,80,3.8,414.0,27,26.0,2020.0,0,1,0,0,0,0,0,0,0,0,0,0,0,0,0,0,0,0,0
222,Skylines ,18 December 2020 ,113,4.7,2197.0,89,46.0,2020.0,1,0,0,0,0,0,0,0,0,0,0,0,0,0,0,0,0,0,0
223,SkymanÂ ,26 June 2020 ,92,5.7,66.0,0,57.0,2020.0,0,0,0,0,0,0,0,0,0,0,0,0,0,0,0,0,0,0,0
224,Songbird ,11 December 2020 ,84,4.4,2297.0,96,27.0,2020.0,0,0,0,0,0,0,1,0,0,0,0,0,0,0,0,0,0,0,0
225,Sonic the Hedgehog ,14 February 2020 ,99,6.5,86287.0,1079,47.0,2020.0,1,0,0,0,0,0,0,0,0,0,0,0,0,0,0,0,0,0,0
226,Soul ,25 December 2020 ,100,8.2,108524.0,1084,83.0,2020.0,0,0,1,0,0,0,0,0,0,0,0,0,0,0,0,0,0,0,0
227,Spell ,30 October 2020 ,91,5.4,2389.0,87,38.0,2020.0,0,0,0,0,0,0,0,0,0,0,1,0,0,0,0,0,0,0,0
228,Spenser Confidential ,6 March 2020 ,111,6.2,67666.0,566,49.0,2020.0,1,0,0,0,0,0,0,0,0,0,0,0,0,0,0,0,0,0,0
229,Spontaneous ,2 October 2020 ,101,6.5,3011.0,64,78.0,2020.0,0,0,0,0,1,0,0,0,0,0,0,0,0,0,0,0,0,0,0
230,Spree ,14 August 2020 ,93,5.9,3687.0,95,41.0,2020.0,0,0,0,0,1,0,0,0,0,0,0,0,0,0,0,0,0,0,0
231,Sputnik ,24 July 2020 ,113,6.4,12241.0,182,61.0,2020.0,0,0,0,0,0,0,1,0,0,0,0,0,0,0,0,0,0,0,0
232,Stage Mother ,21 August 2020 ,93,6.4,1023.0,31,41.0,2020.0,0,0,0,0,1,0,0,0,0,0,0,0,0,0,0,0,0,0,0
233,Stardust ,15 January 2021 ,109,3.7,620.0,24,36.0,2020.0,0,0,0,1,0,0,1,0,0,0,0,0,0,0,0,0,0,0,0
234,Stargirl ,13 March 2020 ,107,6.2,3687.0,93,61.0,2020.0,0,0,0,0,1,0,0,0,0,0,0,0,0,0,0,0,0,0,0
235,Summer of 85 ,14 July 2020 ,90,6.8,2994.0,26,69.0,2020.0,0,0,0,0,0,0,1,0,0,0,0,0,0,0,0,0,0,0,0
236,Summerland ,31 July 2020 ,99,6.9,2319.0,47,56.0,2020.0,0,0,0,0,0,0,1,0,0,0,0,0,0,0,0,0,0,0,0
237,SummertimeÂ ,23 January 2020 ,95,6.8,82.0,0,69.0,2020.0,0,0,0,0,1,0,0,0,0,0,0,0,0,0,0,0,0,0,0
238,Sun ChildrenÂ ,1 February 2020 ,99,6.6,271.0,0,71.0,2020.0,0,0,0,0,0,0,1,0,0,0,0,0,0,0,0,0,0,0,0
239,Superintelligence ,26 November 2020 ,106,5.3,4259.0,111,41.0,2020.0,0,0,0,0,1,0,0,0,0,0,0,0,0,0,0,0,0,0,0
240,Survive the Night ,22 May 2020 ,90,4.7,7078.0,267,26.0,2020.0,1,0,0,0,0,0,0,0,0,0,0,0,0,0,0,0,0,0,0
241,Sylvie's Love ,23 December 2020 ,114,6.6,2500.0,106,74.0,2020.0,0,0,0,0,0,0,1,0,0,0,0,0,0,0,0,0,0,0,0
242,TapeÂ ,26 March 2020 ,98,3.9,139.0,0,47.0,2020.0,0,0,0,0,0,0,1,0,0,0,0,0,0,0,0,0,0,0,0
243,Tenet ,3 September 2020 ,150,7.5,253306.0,3920,69.0,2020.0,1,0,0,0,0,0,0,0,0,0,0,0,0,0,0,0,0,0,0
244,Tesla ,21 August 2020 ,102,5.0,5339.0,153,67.0,2020.0,0,0,0,1,0,0,0,0,0,0,0,0,0,0,0,0,0,0,0
245,The 11th GreenÂ ,8 January 2020 ,108,5.7,36.0,0,68.0,2020.0,0,0,0,0,0,0,1,0,0,0,0,0,0,0,0,0,0,0,0
246,The 24th ,21 August 2020 ,113,5.4,327.0,13,56.0,2020.0,0,0,0,0,0,0,1,0,0,0,0,0,0,0,0,0,0,0,0
247,The Argument ,4 September 2020 ,81,4.4,330.0,14,48.0,2020.0,0,0,0,0,1,0,0,0,0,0,0,0,0,0,0,0,0,0,0
248,The Babysitter: Killer Queen ,10 September 2020 ,101,5.8,25572.0,358,22.0,2020.0,0,0,0,0,1,0,0,0,0,0,0,0,0,0,0,0,0,0,0
249,The Banker ,20 March 2020 ,120,7.3,18016.0,169,59.0,2020.0,0,0,0,1,0,0,0,0,0,0,0,0,0,0,0,0,0,0,0
250,The Bay of Silence ,14 August 2020 ,93,4.2,1364.0,33,44.0,2020.0,0,0,0,0,0,0,0,0,0,0,0,0,0,0,0,0,1,0,0
251,The Best Is Yet to ComeÂ ,9 September 2020 ,114,6.5,59.0,0,82.0,2020.0,0,0,0,0,0,0,1,0,0,0,0,0,0,0,0,0,0,0,0
252,The Big Ugly ,24 July 2020 ,106,6.0,2959.0,70,52.0,2020.0,0,0,0,0,0,0,1,0,0,0,0,0,0,0,0,0,0,0,0
253,The Binge ,28 August 2020 ,98,5.1,2524.0,76,35.0,2020.0,0,0,0,0,1,0,0,0,0,0,0,0,0,0,0,0,0,0,0
254,The Boys in the Band ,30 September 2020 ,121,6.8,10589.0,120,70.0,2020.0,0,0,0,0,0,0,1,0,0,0,0,0,0,0,0,0,0,0,0
255,The Broken Hearts Gallery ,11 September 2020 ,109,6.2,3266.0,66,57.0,2020.0,0,0,0,0,1,0,0,0,0,0,0,0,0,0,0,0,0,0,0
256,The Call of the Wild ,21 February 2020 ,100,6.8,36710.0,480,47.0,2020.0,0,1,0,0,0,0,0,0,0,0,0,0,0,0,0,0,0,0,0
257,The Christmas Chronicles: Part Two ,25 November 2020 ,112,6.0,21554.0,389,51.0,2020.0,0,1,0,0,0,0,0,0,0,0,0,0,0,0,0,0,0,0,0
258,The Courier ,19 February 2021 ,111,6.6,178.0,2,62.0,2020.0,0,0,0,0,0,0,0,0,0,0,0,0,0,0,0,0,1,0,0
259,The Craft: Legacy ,28 October 2020 ,97,4.3,5929.0,275,54.0,2020.0,0,0,0,0,0,0,1,0,0,0,0,0,0,0,0,0,0,0,0
260,The Croods: A New Age ,25 November 2020 ,95,7.0,10971.0,145,56.0,2020.0,0,0,1,0,0,0,0,0,0,0,0,0,0,0,0,0,0,0,0
261,The Dark Divide ,18 September 2020 ,107,5.8,240.0,10,78.0,2020.0,0,1,0,0,0,0,0,0,0,0,0,0,0,0,0,0,0,0,0
262,The Dark and the Wicked ,6 November 2020 ,95,6.1,5583.0,159,72.0,2020.0,0,0,0,0,0,0,0,0,0,0,1,0,0,0,0,0,0,0,0
263,The Devil All the Time ,16 September 2020 ,138,7.1,85637.0,889,55.0,2020.0,0,0,0,0,0,1,0,0,0,0,0,0,0,0,0,0,0,0,0
264,The Disciple ,29 September 2020 ,127,6.7,359.0,4,79.0,2020.0,0,0,0,0,0,0,1,0,0,0,0,0,0,0,0,0,0,0,0
265,The Doorman ,9 October 2020 ,97,4.4,2741.0,97,41.0,2020.0,1,0,0,0,0,0,0,0,0,0,0,0,0,0,0,0,0,0,0
266,The Duke ,2021 ,96,5.4,112.0,1,84.0,2020.0,0,0,0,1,0,0,0,0,0,0,0,0,0,0,0,0,0,0,0
267,The Eight Hundred ,28 August 2020 ,149,7.2,1606.0,22,64.0,2020.0,1,0,0,0,0,0,0,0,0,0,0,0,0,0,0,0,0,0,0
268,The Father ,26 February 2021 ,97,7.5,1033.0,14,87.0,2020.0,0,0,0,0,0,0,1,0,0,0,0,0,0,0,0,0,0,0,0
269,The Forty-Year-Old Version ,9 October 2020 ,123,7.2,2498.0,42,80.0,2020.0,0,0,0,0,1,0,0,0,0,0,0,0,0,0,0,0,0,0,0
270,The Glorias ,30 September 2020 ,139,5.3,1741.0,39,58.0,2020.0,0,0,0,1,0,0,0,0,0,0,0,0,0,0,0,0,0,0,0
271,The Grudge ,3 January 2020 ,94,4.3,19986.0,581,41.0,2020.0,0,0,0,0,0,0,0,0,1,0,0,0,0,0,0,0,0,0,0
272,The Half of It ,1 May 2020 ,104,6.9,27136.0,289,74.0,2020.0,0,0,0,0,1,0,0,0,0,0,0,0,0,0,0,0,0,0,0
273,The Hater ,29 July 2020 ,135,7.1,10123.0,80,61.0,2020.0,0,0,0,0,0,0,1,0,0,0,0,0,0,0,0,0,0,0,0
274,The High Note ,29 May 2020 ,113,6.4,5398.0,124,58.0,2020.0,0,0,0,0,0,0,1,0,0,0,0,0,0,0,0,0,0,0,0
275,The Host ,17 January 2020 ,102,4.9,538.0,48,32.0,2020.0,0,0,0,0,0,1,0,0,0,0,0,0,0,0,0,0,0,0,0
276,The Hunt ,13 March 2020 ,90,6.5,65377.0,887,50.0,2020.0,1,0,0,0,0,0,0,0,0,0,0,0,0,0,0,0,0,0,0
277,The IntruderÂ ,21 February 2020 ,90,5.4,322.0,0,66.0,2020.0,0,0,0,0,0,0,0,0,0,0,1,0,0,0,0,0,1,0,0
278,The Invisible Man ,28 February 2020 ,124,7.1,160336.0,1758,72.0,2020.0,0,0,0,0,0,0,1,0,0,0,0,0,0,0,0,0,0,0,0
279,The Kid Detective ,16 October 2020 ,100,6.7,2129.0,24,74.0,2020.0,0,0,0,0,1,0,0,0,0,0,0,0,0,0,0,0,0,0,0
280,The Killing of Two Lovers ,23 February 2021 ,85,7.1,174.0,6,92.0,2020.0,0,0,0,0,0,0,1,0,0,0,0,0,0,0,0,0,0,0,0
281,The King of Staten Island ,12 June 2020 ,136,7.1,31623.0,357,67.0,2020.0,0,0,0,0,1,0,0,0,0,0,0,0,0,0,0,0,0,0,0
282,The Kissing Booth 2 ,24 July 2020 ,134,5.8,19494.0,368,39.0,2020.0,0,0,0,0,1,0,0,0,0,0,0,0,0,0,0,0,0,0,0
283,The Last Days of American Crime ,5 June 2020 ,148,3.6,9318.0,365,15.0,2020.0,1,0,0,0,0,0,0,0,0,0,0,0,0,0,0,0,0,0,0
284,The Last Shift ,25 September 2020 ,90,5.5,688.0,28,61.0,2020.0,0,0,0,0,1,0,0,0,0,0,0,0,0,0,0,0,0,0,0
285,The Last Thing He Wanted ,21 February 2020 ,115,4.3,12355.0,389,35.0,2020.0,0,0,0,0,0,1,0,0,0,0,0,0,0,0,0,0,0,0,0
286,The Life Ahead ,13 November 2020 ,94,6.8,6045.0,81,66.0,2020.0,0,0,0,0,0,0,1,0,0,0,0,0,0,0,0,0,0,0,0
287,The Lost Husband ,10 April 2020 ,109,6.0,3213.0,104,49.0,2020.0,0,0,0,0,0,0,1,0,0,0,0,0,0,0,0,0,0,0,0
288,The Lovebirds ,22 May 2020 ,86,6.1,20522.0,255,59.0,2020.0,1,0,0,0,0,0,0,0,0,0,0,0,0,0,0,0,0,0,0
289,The Main Event ,10 April 2020 ,101,4.7,1770.0,47,52.0,2020.0,1,0,0,0,0,0,0,0,0,0,0,0,0,0,0,0,0,0,0
290,The Midnight Sky ,23 December 2020 ,118,5.6,51393.0,1772,58.0,2020.0,0,0,0,0,0,0,1,0,0,0,0,0,0,0,0,0,0,0,0
291,The Nest ,24 September 2020 ,107,6.4,4396.0,79,79.0,2020.0,0,0,0,0,0,0,1,0,0,0,0,0,0,0,0,0,0,0,0
292,The New Mutants ,28 August 2020 ,94,5.3,38894.0,993,43.0,2020.0,1,0,0,0,0,0,0,0,0,0,0,0,0,0,0,0,0,0,0
293,The Night Clerk ,21 February 2020 ,90,5.5,8761.0,177,44.0,2020.0,0,0,0,0,0,1,0,0,0,0,0,0,0,0,0,0,0,0,0
294,The Night House ,1 October 2020 ,108,6.7,175.0,13,62.0,2020.0,0,0,0,0,0,0,0,0,0,0,1,0,0,0,0,0,0,0,0
295,The Nowhere InnÂ ,25 January 2020 ,91,5.7,46.0,0,61.0,2020.0,0,0,0,0,1,0,0,0,0,0,0,0,0,0,0,0,0,0,0
296,The Old Guard ,10 July 2020 ,125,6.6,122047.0,1631,70.0,2020.0,1,0,0,0,0,0,0,0,0,0,0,0,0,0,0,0,0,0,0
297,The One and Only Ivan ,21 August 2020 ,95,6.7,7258.0,92,58.0,2020.0,0,1,0,0,0,0,0,0,0,0,0,0,0,0,0,0,0,0,0
298,The Owners ,4 September 2020 ,92,4.8,4130.0,111,53.0,2020.0,1,0,0,0,0,0,0,0,0,0,0,0,0,0,0,0,0,0,0
299,The Pale Door ,21 August 2020 ,96,4.6,2166.0,44,39.0,2020.0,0,0,0,0,0,0,1,0,0,0,0,0,0,0,0,0,0,0,0
300,The Photograph ,14 February 2020 ,106,6.0,3433.0,92,62.0,2020.0,0,0,0,0,0,0,1,0,0,0,0,0,0,0,0,0,0,0,0
301,The Postcard Killings ,13 March 2020 ,104,5.7,6278.0,123,29.0,2020.0,0,0,0,0,0,1,0,0,0,0,0,0,0,0,0,0,0,0,0
302,The Prom ,11 December 2020 ,130,6.0,17492.0,394,56.0,2020.0,0,0,0,0,1,0,0,0,0,0,0,0,0,0,0,0,0,0,0
303,The Quarry ,17 April 2020 ,98,5.3,1930.0,35,53.0,2020.0,0,0,0,0,0,1,0,0,0,0,0,0,0,0,0,0,0,0,0
304,The Racer ,18 September 2020 ,95,5.6,513.0,3,54.0,2020.0,0,0,0,0,1,0,0,0,0,0,0,0,0,0,0,0,0,0,0
305,The Rental ,24 July 2020 ,88,5.7,15092.0,317,63.0,2020.0,0,0,0,0,0,0,1,0,0,0,0,0,0,0,0,0,0,0,0
306,The Rhythm Section ,31 January 2020 ,109,5.3,11394.0,310,45.0,2020.0,1,0,0,0,0,0,0,0,0,0,0,0,0,0,0,0,0,0,0
307,The Roads Not Taken ,13 March 2020 ,85,5.1,1279.0,31,42.0,2020.0,0,0,0,0,0,0,1,0,0,0,0,0,0,0,0,0,0,0,0
308,The Salt of Tears ,20 January 2021 ,100,5.9,412.0,1,57.0,2020.0,0,0,0,0,0,0,1,0,0,0,0,0,0,0,0,0,0,0,0
309,The Secret Garden ,7 August 2020 ,99,5.5,5217.0,133,59.0,2020.0,0,0,0,0,0,0,1,0,0,0,0,0,0,0,0,0,0,0,0
310,The Secret: Dare to Dream ,31 July 2020 ,107,6.4,7463.0,136,32.0,2020.0,0,0,0,0,0,0,1,0,0,0,0,0,0,0,0,0,0,0,0
311,The Secrets We Keep ,16 September 2020 ,97,5.7,2194.0,27,47.0,2020.0,0,0,0,0,0,0,1,0,0,0,0,0,0,0,0,0,0,0,0
312,The Sleepover ,21 August 2020 ,100,5.6,7393.0,119,46.0,2020.0,1,0,0,0,0,0,0,0,0,0,0,0,0,0,0,0,0,0,0
313,The Stand In ,11 December 2020 ,101,4.4,882.0,28,38.0,2020.0,0,0,0,0,1,0,0,0,0,0,0,0,0,0,0,0,0,0,0
314,The Surrogate ,12 June 2020 ,93,5.9,228.0,5,74.0,2020.0,0,0,0,0,0,0,1,0,0,0,0,0,0,0,0,0,0,0,0
315,The Tax Collector ,7 August 2020 ,95,4.7,7843.0,346,22.0,2020.0,1,0,0,0,0,0,0,0,0,0,0,0,0,0,0,0,0,0,0
316,The Trial of the Chicago 7 ,16 October 2020 ,129,7.8,79847.0,441,77.0,2020.0,0,0,0,0,0,0,1,0,0,0,0,0,0,0,0,0,0,0,0
317,The Trip to Greece ,20 May 2020 ,103,6.6,2625.0,46,69.0,2020.0,0,0,0,0,1,0,0,0,0,0,0,0,0,0,0,0,0,0,0
318,The Turning ,24 January 2020 ,94,3.8,9312.0,412,35.0,2020.0,0,0,0,0,0,0,1,0,0,0,0,0,0,0,0,0,0,0,0
319,The Very Excellent Mr. Dundee ,11 December 2020 ,88,4.8,901.0,74,24.0,2020.0,0,0,0,0,1,0,0,0,0,0,0,0,0,0,0,0,0,0,0
320,The War with Grandpa ,9 October 2020 ,94,5.5,9760.0,164,34.0,2020.0,0,0,0,0,1,0,0,0,0,0,0,0,0,0,0,0,0,0,0
321,The Way Back ,6 March 2020 ,108,6.7,29689.0,297,66.0,2020.0,0,0,0,0,0,0,1,0,0,0,0,0,0,0,0,0,0,0,0
322,The Willoughbys ,22 April 2020 ,90,6.4,12767.0,170,68.0,2020.0,0,0,1,0,0,0,0,0,0,0,0,0,0,0,0,0,0,0,0
323,The Witches ,22 October 2020 ,106,5.3,20826.0,752,47.0,2020.0,0,1,0,0,0,0,0,0,0,0,0,0,0,0,0,0,0,0,0
324,The Wolf of Snow Hollow ,9 October 2020 ,83,6.3,8418.0,212,67.0,2020.0,0,0,0,0,1,0,0,0,0,0,0,0,0,0,0,0,0,0,0
325,The Woman Who Ran ,17 September 2020 ,77,6.8,996.0,2,79.0,2020.0,0,0,0,0,0,0,1,0,0,0,0,0,0,0,0,0,0,0,0
326,The World to Come ,12 February 2021 ,98,6.6,367.0,10,89.0,2020.0,0,0,0,0,0,0,1,0,0,0,0,0,0,0,0,0,0,0,0
327,The Wrong Missy ,13 May 2020 ,90,5.7,31533.0,600,33.0,2020.0,0,0,0,0,1,0,0,0,0,0,0,0,0,0,0,0,0,0,0
328,There Is No Evil ,11 September 2020 ,151,7.2,1256.0,11,81.0,2020.0,1,0,0,0,0,0,0,0,0,0,0,0,0,0,0,0,0,0,0
329,Tigertail ,10 April 2020 ,91,6.4,2918.0,40,65.0,2020.0,0,0,0,0,0,0,1,0,0,0,0,0,0,0,0,0,0,0,0
330,Timmy Failure: Mistakes Were Made ,7 February 2020 ,99,6.1,2078.0,54,60.0,2020.0,0,1,0,0,0,0,0,0,0,0,0,0,0,0,0,0,0,0,0
331,To All the Boys: P.S. I Still Love You ,12 February 2020 ,101,6.0,24744.0,145,54.0,2020.0,0,0,0,0,1,0,0,0,0,0,0,0,0,0,0,0,0,0,0
332,Train to Busan Presents: Peninsula ,7 August 2020 ,116,5.4,18610.0,409,51.0,2020.0,1,0,0,0,0,0,0,0,0,0,0,0,0,0,0,0,0,0,0
333,Triggered ,10 January 2021 ,94,5.4,2104.0,46,48.0,2020.0,1,0,0,0,0,0,0,0,0,0,0,0,0,0,0,0,0,0,0
334,Trolls World Tour ,10 April 2020 ,90,6.1,15769.0,264,51.0,2020.0,0,0,1,0,0,0,0,0,0,0,0,0,0,0,0,0,0,0,0
335,Uncle Frank ,25 November 2020 ,95,7.3,9421.0,137,58.0,2020.0,0,0,0,0,1,0,0,0,0,0,0,0,0,0,0,0,0,0,0
336,Uncorked ,27 March 2020 ,104,6.2,4044.0,61,62.0,2020.0,0,0,0,0,0,0,1,0,0,0,0,0,0,0,0,0,0,0,0
337,Underwater ,10 January 2020 ,95,5.8,60650.0,981,48.0,2020.0,1,0,0,0,0,0,0,0,0,0,0,0,0,0,0,0,0,0,0
338,Undine ,2 July 2020 ,91,6.4,2398.0,8,70.0,2020.0,0,0,0,0,0,0,1,0,0,0,0,0,0,0,0,0,0,0,0
339,Unhinged ,21 August 2020 ,90,6.0,29969.0,772,40.0,2020.0,1,0,0,0,0,0,0,0,0,0,0,0,0,0,0,0,0,0,0
340,Unpregnant ,10 September 2020 ,103,6.2,4205.0,86,61.0,2020.0,0,0,0,0,1,0,0,0,0,0,0,0,0,0,0,0,0,0,0
341,Valley Girl ,8 May 2020 ,102,5.4,2142.0,83,53.0,2020.0,0,0,0,0,1,0,0,0,0,0,0,0,0,0,0,0,0,0,0
342,Vampires vs. the Bronx ,2 October 2020 ,85,5.6,6888.0,143,76.0,2020.0,0,0,0,0,1,0,0,0,0,0,0,0,0,0,0,0,0,0,0
343,Vanguard ,20 November 2020 ,107,4.6,2292.0,104,36.0,2020.0,1,0,0,0,0,0,0,0,0,0,0,0,0,0,0,0,0,0,0
344,Villain ,28 February 2020 ,97,5.8,1273.0,77,68.0,2020.0,1,0,0,0,0,0,0,0,0,0,0,0,0,0,0,0,0,0,0
345,Waiting for Anya ,7 February 2020 ,109,5.9,882.0,26,38.0,2020.0,0,0,0,0,0,0,1,0,0,0,0,0,0,0,0,0,0,0,0
346,Wander Darkly ,11 December 2020 ,97,5.7,379.0,7,68.0,2020.0,0,0,0,0,0,0,1,0,0,0,0,0,0,0,0,0,0,0,0
347,Wander ,4 December 2020 ,94,5.3,3052.0,59,54.0,2020.0,0,0,0,0,0,0,0,0,0,0,0,0,0,0,0,0,1,0,0
348,We Can Be Heroes ,25 December 2020 ,100,4.7,5958.0,227,53.0,2020.0,1,0,0,0,0,0,0,0,0,0,0,0,0,0,0,0,0,0,0
349,Wendy ,17 April 2020 ,111,5.7,2060.0,61,54.0,2020.0,0,0,0,0,0,0,1,0,0,0,0,0,0,0,0,0,0,0,0
350,What the Constitution Means to Me ,16 October 2020 ,100,7.1,427.0,15,87.0,2020.0,0,0,0,0,0,0,1,0,0,0,0,0,0,0,0,0,0,0,0
351,Wife of a SpyÂ ,16 October 2020 ,115,5.8,211.0,0,78.0,2020.0,0,0,0,0,0,0,1,0,0,0,0,0,0,0,0,0,0,0,0
352,Wild Mountain Thyme ,11 December 2020 ,102,5.4,1368.0,57,45.0,2020.0,0,0,0,0,0,0,1,0,0,0,0,0,0,0,0,0,0,0,0
353,Wolfwalkers ,13 November 2020 ,103,8.1,8037.0,88,87.0,2020.0,0,0,1,0,0,0,0,0,0,0,0,0,0,0,0,0,0,0,0
354,Wonder Woman 1984 ,25 December 2020 ,151,5.5,119054.0,5271,60.0,2020.0,1,0,0,0,0,0,0,0,0,0,0,0,0,0,0,0,0,0,0
355,Words on Bathroom Walls ,21 August 2020 ,110,7.0,2106.0,41,61.0,2020.0,0,0,0,0,0,0,1,0,0,0,0,0,0,0,0,0,0,0,0
356,Work It ,7 August 2020 ,93,6.1,8911.0,117,58.0,2020.0,0,0,0,0,1,0,0,0,0,0,0,0,0,0,0,0,0,0,0
357,Worth ,24 January 2020 ,118,7.5,70.0,1,68.0,2020.0,0,0,0,1,0,0,1,0,0,0,0,0,0,0,0,0,0,0,0
358,You Should Have Left ,18 June 2020 ,93,5.4,13875.0,323,46.0,2020.0,0,0,0,0,0,0,1,0,0,0,0,0,0,0,0,0,0,0,0
359,Zola ,30 June 2021 ,90,5.4,188.0,15,72.0,2020.0,0,0,0,0,0,0,1,0,0,0,0,0,0,0,0,0,0,0,0
